id,long,lat
0,85.89060946243616,26.13551045054194
1,85.11263286468588,25.609538150603463
2,86.14105616279122,25.44401314170915
3,84.37430588155907,24.742401696249427
4,85.13229232485692,25.5716759563658
5,85.10832777320316,25.610976430928797
6,83.97651839209435,25.557686929207403
7,85.03142912258339,25.5950839785265
8,85.8969788736569,26.143433470443398
9,85.05539221788437,25.621720877177257
10,85.12199782941552,25.56082389191862
11,85.07640347313996,25.5482427005016
12,85.81145037762505,25.851266774922266
13,85.19355857146624,25.602428128933386
14,85.12675263774473,25.559539203457145
15,85.1452121536816,25.6182633769564
16,87.24152959566206,25.22637923317348
17,87.51613183536725,25.782260833417503
18,85.13644510859879,25.585954542399495
19,85.76552725209243,25.871612353363407
20,87.47519928845897,25.752368639013074
21,85.10086329588341,25.65016209460716
22,86.13159146327409,25.417611798753818
23,84.37318125349664,24.768828367419434
24,86.49112761529622,25.29030347677012
25,86.10082255895841,25.431960119085907
26,87.2951206958282,25.260986178225227
27,85.2107681672287,25.682950993188527
28,86.97848490620149,25.2179372743736
29,86.1272906578236,25.433232406273955
30,85.06807789488802,25.65640328759866
31,85.08557183051447,25.66708166121529
32,86.13592561170167,25.425912709936632
33,85.15912861105974,25.620668957704122
34,87.23459463570403,25.25413419759183
35,85.1515710867905,25.58591762381271
36,85.0395671370879,25.62268442188428
37,86.48851587042809,25.312147826914767
38,85.04262949682288,25.62383239536092
39,85.06677878510827,25.633404571641886
40,86.48925472472943,25.399937238726285
41,85.05046825467255,25.59032086385581
42,85.13111048594891,25.61762830998372
43,86.47409680895576,25.3287221056228
44,87.51365775508536,25.778548945472675
45,85.89620675110429,26.1913089548011
46,86.07105257353228,25.442708208131464
47,85.09693356326704,25.615920925660944
48,85.07858806395555,25.61952083662009
49,84.36556631582245,24.764194591164337
50,84.97943820948245,24.716830913271373
51,85.27134847254841,25.564720136119977
52,86.01985824345518,25.419193905826628
53,85.04228276924421,25.55311239205505
54,84.97718348842123,24.725866952147033
55,84.01882390368147,24.94297235733721
56,85.07878564066934,25.60378161330949
57,85.51879221338027,25.18879066392601
58,84.37693784551452,24.768763528797255
59,85.9155689558927,26.14245412041442
60,85.03206362047817,25.598735816553557
61,87.5838172756381,25.54265874067888
62,84.35999954840503,26.218514271373333
63,84.9769040967119,24.68772831720641
64,86.50206004992603,25.37111323608549
65,84.0189316181024,24.961096965912034
66,85.79048982269661,25.872837635891706
67,85.07393876397897,25.576846670525995
68,85.05573912177911,25.613922952490917
69,84.87850369297489,25.58139922231514
70,87.58139519652859,25.533782153980617
71,86.47765179106122,25.34505787978898
72,85.77892515006384,25.85404192905341
73,85.4040835122008,26.137080668753264
74,84.36427819869397,24.770168495436135
75,85.16699278917649,25.57423029467669
76,85.79773709857524,25.8538341813555
77,85.27011489453676,25.561017472562085
78,85.16864557557612,25.644550336227095
79,84.36411376235495,26.21288693820029
80,86.09376889343379,25.45980063463377
81,87.58412099510575,25.534380154674164
82,87.50423837942941,25.771360844882423
83,85.05616012013354,25.63599509560576
84,87.51589891102698,25.795416346437452
85,85.0659131831554,25.64705490018891
86,85.8017559994426,25.869762704292178
87,85.20138123774261,25.690042803842385
88,84.16774361607185,24.90343838781146
89,85.06068606466175,25.554200445470435
90,87.25568258605637,25.229736333413403
91,85.18368576165757,25.61725571772859
92,85.42712785814196,25.02532579638256
93,86.4712850324281,25.33796331696995
94,85.12089831299747,25.620543893774023
95,85.19296327051478,25.6091034119435
96,84.97770348395069,24.70426304080796
97,85.19973646258188,25.596887079493758
98,84.97976372277671,24.72409721480826
99,85.02847813309549,25.593485254118782
100,87.26131010094707,25.284031145706383
101,85.0652823270571,25.606269711557125
102,85.15700400837041,25.560938565502795
103,86.04669552677788,25.41432835846638
104,85.18096925707704,25.60969772327345
105,85.21260792651273,25.72550335742991
106,84.36285441113255,26.226439393267523
107,85.17855308227765,25.570876371405458
108,85.76262685223827,25.86127147746308
109,85.77141617042976,25.8677477421798
110,85.51102523218539,25.229030871586637
111,85.13961504816578,25.58634069430125
112,86.49332423370535,25.34154137858036
113,85.15128407682013,25.562374409278114
114,85.14974660140605,25.633466700805545
115,86.484407546185,25.327173135415737
116,86.491339708694,25.344112808430282
117,85.03831965114132,25.582002208289097
118,85.04350929468424,25.578210063157655
119,85.09083585991598,25.58250445277763
120,87.27855032159952,25.248999240401666
121,85.36289376657224,26.126753432951563
122,85.03694317475329,25.626610181581963
123,85.15155184154797,25.610977921109566
124,86.02238656442695,25.419314754757995
125,86.07112478435636,25.447303809310018
126,86.01994561563949,25.457722723159897
127,85.06329637099431,25.594758163173587
128,87.282696745916,25.22317582372826
129,86.46946093560258,25.37224800180619
130,85.99478618723367,25.445551773923203
131,85.09419938833396,25.562193988370254
132,86.11057474949173,25.425513258873522
133,85.16925312089369,25.64623053867581
134,86.9572287767723,25.24858851838237
135,85.88929507829103,26.120268018864717
136,86.05760948582932,25.449325471000034
137,85.91227900433074,26.134234714958804
138,86.95877038875163,25.226010520077388
139,85.20348442523583,25.697665927302435
140,87.46238975756819,25.78304496450312
141,86.95394949858019,25.26523368244822
142,85.22590329093067,25.71355295272447
143,87.26780644774111,25.239333487221028
144,87.50799706633309,25.78222055938313
145,85.19348914327371,25.61511520991352
146,84.1557887304217,24.92065485243014
147,85.13147759604728,25.586497152062176
148,85.42554774672408,26.105383611361916
149,86.03015362903314,25.429424853471797
150,85.1676450900695,25.68146099499383
151,84.18387033783772,24.91261819221309
152,87.4497682254723,25.802373005398906
153,87.24560306115583,25.216292718631237
154,86.44592510159192,25.380013264485136
155,87.55099344418842,25.551472293495983
156,85.1579276873491,25.579735381678873
157,85.2211023501845,25.711366781059976
158,84.16637092555052,24.897455182598993
159,84.99293766525368,25.216996894530748
160,86.09517159123406,25.45571198626599
161,85.19474692192873,25.645704189906514
162,85.13422640689846,25.58305824110593
163,85.50761049382432,25.216282462806067
164,85.5001416796875,25.228682963730893
165,85.11116827716117,25.657397179631367
166,85.20213312843056,25.58509322378207
167,86.98891503977812,25.22877381629932
168,85.21402997662264,25.602673134189313
169,85.03001089044065,25.624207595450756
170,85.05007608430368,25.64861639005527
171,87.23981888729341,25.219911158465255
172,87.25334921388178,25.250045884270122
173,87.49379194586726,25.77338674269601
174,86.4813058508177,25.359312827709616
175,85.7713171297107,25.863200577286335
176,86.02628729668528,25.4188703582502
177,85.09001916903043,25.649806439262726
178,85.05740689900283,25.640559752709184
179,87.27641848434772,25.223037557565693
180,86.958432955347,25.26222157192148
181,85.17976945880244,25.599480071386328
182,85.14719760116155,25.567790257026033
183,85.05708174176822,25.62251639650083
184,85.19589915662459,25.592478734498286
185,85.1406560441751,25.652452668918926
186,86.12967028993485,25.398491575294468
187,87.57345201445384,25.538472098427107
188,85.91375228798502,26.18655803159437
189,86.04566384631839,25.442531813657773
190,84.97283450547089,24.75740393790048
191,85.03704640801594,25.626753660796076
192,87.49316049138191,25.76994193372392
193,86.10080213449625,25.1766754820201
194,85.18829046277872,25.584931946739495
195,84.99078722523413,25.222993025497026
196,84.37711535382407,24.76814894040844
197,85.12860457046732,25.576433535005222
198,85.04899500644984,25.55444123747282
199,87.01596412703397,25.251780694865893
200,85.2411189731542,25.58900072454412
201,86.1388476648214,25.41631077756358
202,85.44431696038193,25.02260830461701
203,85.20754418925222,25.60595291113818
204,86.05848891673935,25.457425951158335
205,84.9940311288826,24.76020391969005
206,84.18408632177632,24.92922303675087
207,87.5914428982042,25.533003784942775
208,85.41717091528251,25.028474455401206
209,87.25066428854038,25.238360182880506
210,85.18561410757736,25.615896120243285
211,85.01512347074218,25.64262439479543
212,87.58294366088381,25.539764946528795
213,85.1266513417042,25.550934395895908
214,85.01447201192994,25.632204672369266
215,85.11871277929244,25.54615279910397
216,85.79570138728573,25.875392979196054
217,85.0424216187006,25.65122488896874
218,85.03375678274092,25.611296502153067
219,84.9642062132462,24.79851969457508
220,85.92068578760902,26.12425772632489
221,86.4911494911835,25.31835986159242
222,87.28451032873886,25.26208593968387
223,85.90417559318816,26.178118400993778
224,87.4583672951029,25.772948864446445
225,84.87095244664354,25.56478436356454
226,85.23075943737754,25.592847052899334
227,85.12772607933877,25.635956679570356
228,87.47743437778252,25.76139112802241
229,86.49142861149856,25.338061869710565
230,86.00558836447847,25.45871572764524
231,85.42911640718296,25.020636297105177
232,85.13456208821505,25.61028082527449
233,87.4842264106726,25.77738775182822
234,85.18718815649038,25.70033921650086
235,85.95602393871413,25.384397812809482
236,85.08284041251669,25.64449443893206
237,85.3641869611486,26.16175041894773
238,85.17024115466583,25.645132419729837
239,85.88893008860171,26.165985864389953
240,86.47749687471328,25.339095710047822
241,84.95524702082169,24.69071399363678
242,85.1001777681829,25.622739167056
243,84.36934681674516,26.226510359016714
244,85.03811853019356,25.56051433859638
245,85.0649597057982,25.639725873074585
246,86.16242011320611,25.412629701157137
247,85.00074781439915,24.79823616979675
248,84.98021266018287,25.20498844966937
249,85.0696270920487,25.639969696642563
250,85.1196030562343,25.6287783198589
251,85.06998307427247,25.57262548165974
252,85.16649761993362,25.699302206615783
253,85.77274896914483,25.843334049937244
254,84.37709854182353,24.7656613066324
255,85.1706168437592,25.70219489594708
256,85.04540850326795,25.62675323420998
257,85.05836653284432,25.579132910817112
258,86.00829581919291,25.462291713723864
259,85.11463828338353,25.57409656179776
260,85.39803777860725,26.132270716941257
261,83.96575862510323,25.570469035150357
262,87.51399146791375,25.782705554465743
263,85.7891683899399,25.871956210222194
264,84.9866633683183,25.215896709939837
265,87.26103134809834,25.28345171967223
266,84.8700976822144,25.58305077359859
267,85.14850912712163,25.592353316982905
268,86.47654367315423,25.31085533962781
269,86.08117718824765,25.44534741934821
270,85.0818781021828,25.580685910942595
271,85.079958101573,25.61614511762186
272,85.4184397457074,26.098212145767615
273,86.48798624010152,25.305834970475235
274,84.98901126285406,24.804379374204622
275,85.77162085906458,25.867802085970368
276,85.08415338123386,25.584350202422314
277,84.20833854818018,24.89410331218554
278,85.16844777326865,25.69881995586878
279,87.58041123592712,25.53273502653788
280,84.00797005779182,24.958468479706656
281,87.2441934598545,25.21257723177904
282,87.48830047008221,25.786148807836472
283,87.46692540186066,25.76795380100252
284,85.1469172760345,25.582194968628052
285,85.07308997379323,25.606454636621514
286,85.23801866633073,25.59702929688427
287,85.07430197483734,25.607731181913408
288,85.00002676922327,24.808182261129954
289,84.95757755802147,24.68853741863631
290,85.5072468547048,25.16388846094884
291,83.99177989358466,25.575289311900836
292,85.42007770294077,25.015719652728254
293,85.41030816543167,26.132181793356004
294,85.90984004784852,26.148094746979314
295,85.10990971627561,25.60943459503658
296,85.08708809016179,25.560227566661027
297,85.22148666545421,25.693121530486764
298,87.49196325337984,25.77742548212642
299,84.22650557936903,24.8876884064581
300,86.46794332101119,25.409851355533636
301,85.09981309095203,25.644613999839763
302,84.97317056705224,24.69318045155282
303,85.11132715590125,25.57541722633176
304,85.06343617959429,25.640574728729092
305,85.04154013865532,25.565004773798222
306,86.00743695043832,25.47525244624704
307,84.01658167080195,24.96009696152805
308,85.21484094940722,25.698019472473305
309,86.10728162534339,25.41825639299989
310,85.18096841789206,25.553522915525576
311,85.15229257438438,25.58654268760058
312,85.08607937682542,25.573247905092888
313,85.16825545330813,25.582992906715553
314,86.02919913602787,25.43020706799795
315,86.07701260768674,25.412976720603336
316,85.14460589683722,25.595069217891126
317,85.14444130161228,25.61431980467465
318,85.18404035146466,25.612876130821014
319,86.48000687427488,25.309990382335958
320,85.20429172053953,25.596403725133342
321,85.96377193268758,25.375144922277354
322,87.23522898453183,25.227340018688103
323,86.14384895771803,25.43489851866641
324,85.23598801632257,25.590847244269764
325,84.38115682097876,24.760112842893335
326,85.21677175415792,25.597097669663885
327,85.16589865107075,25.582940626409552
328,85.18433135171442,25.56470826697081
329,86.47643507507357,25.412505353118664
330,85.18854814919209,25.593326783867496
331,85.01520734489432,25.610260730436437
332,87.01292625745683,25.240772930884614
333,85.51547290833597,25.183854224731135
334,86.48147721651696,25.3699870720571
335,83.98402968214803,25.566352389577446
336,86.95075078690353,25.243236693307605
337,85.20411571280046,25.609218554369146
338,85.51833628831486,25.19263317741661
339,86.05165791810144,25.41836795129116
340,85.16407268330245,25.603512397877243
341,85.1083066443676,25.57563833712769
342,84.3526132125178,26.218363741280665
343,86.03724383387556,25.41049902214657
344,86.03794865231184,25.40938791672882
345,86.50503823899449,25.321765313136762
346,87.245005787672,25.227456458488646
347,84.35801320254207,26.236866608998653
348,84.21482979409463,24.876049528690288
349,84.19301711655193,24.928622102743
350,87.27580665607302,25.2672844391435
351,85.2244571068979,25.686054530575856
352,85.94915982613563,25.382857042683902
353,85.04437161342106,25.552238559067742
354,85.08011911323675,25.659084105551493
355,85.15661887650823,25.62656453029812
356,85.5348087243771,25.207078479551765
357,84.87057292707397,25.562524864567678
358,87.26686824286098,25.264152272950145
359,87.45088064231304,25.789476365588854
360,85.06079285610255,25.587147219558013
361,86.4739332324446,25.39636321166647
362,85.04440564336208,25.556250307931528
363,85.13053733608007,25.62989666163369
364,85.1578869908573,25.581965375147377
365,86.4867014463752,25.310247812209408
366,84.86793571986202,25.568777424954977
367,85.0269395593418,25.572279797300347
368,86.13991507585858,25.420432793579817
369,86.10487604091789,25.419641915122277
370,87.23204902371151,25.228611651687007
371,85.10748199523503,25.550724717913624
372,85.04371267105601,25.624916757591663
373,85.42177043680097,25.014921463475417
374,85.12282091607744,25.6142610448768
375,87.24875659986361,25.2239680869891
376,85.23073933967336,25.576315931144908
377,85.52503250189088,25.201383482841294
378,85.16688420084583,25.69746330254831
379,85.25104898669694,25.582999786605065
380,85.17706999868123,25.583834435315996
381,86.05727879605875,25.411659764201247
382,85.09999830152331,25.630059762801285
383,85.03949653363432,25.63111659271514
384,86.98164114091455,25.228041200147445
385,86.02537897333704,25.43541415184781
386,84.00772123759079,24.956551618265955
387,85.09119060955031,25.617762694288416
388,85.9926064267162,25.445195140819063
389,84.35364818532322,26.21759984471834
390,85.07131254499475,25.60833731954348
391,84.15755816350985,24.917633760506067
392,86.50827106025392,25.33507957413134
393,85.77639013308189,25.86841820049498
394,85.11311104578154,25.63601341703859
395,85.21356053107723,25.70448300952124
396,85.0324671773704,25.59781621649302
397,87.58012755344538,25.54210706966221
398,86.09790751048533,25.17276007570623
399,86.47153959462071,25.39044350188192
400,86.09309896418766,25.449588495932726
401,84.21405177973999,24.872351593426608
402,86.0049123123821,25.423957261252653
403,85.17030681711313,25.640689867931748
404,84.96534449809992,24.783055255810243
405,85.14489205718164,25.604846949166184
406,85.22302027463313,25.714104857360944
407,85.17201642677293,25.641510770467928
408,87.47910312536341,25.776363224675173
409,87.49366014891412,25.794534784112674
410,85.11138390864514,25.619094717491617
411,85.13584191895383,25.624279952436776
412,84.38496880007608,24.768388940172763
413,84.18772023747798,24.928854802601034
414,83.97328442025871,25.576188097947924
415,86.06715831762185,25.440714209789473
416,85.23142954945831,25.600218246053014
417,85.03967934003676,25.639590442495088
418,84.97713981262119,24.728441363108605
419,85.01412054788197,25.602364322033335
420,84.9667255899415,24.809504413921893
421,86.44621339131777,25.393790058493664
422,87.48564387550547,25.788603968418546
423,85.07516125449685,25.643566934137198
424,85.11354022900782,25.61554511617426
425,86.92780042262305,25.246099537960063
426,84.35754091196033,26.23416007835281
427,86.00898028805844,25.466816794477822
428,84.9731314286226,24.70650104340872
429,84.98335505042742,25.212795508494978
430,84.22429319580439,24.889942470577704
431,85.02125590826807,25.589731167106166
432,86.04651150288218,25.40414830652808
433,84.36189282856202,26.21531110439411
434,86.45156372127329,25.37645752800235
435,85.17098027518249,25.613344179841775
436,85.79912207672412,25.862869118414483
437,86.07133343948034,25.412521332127152
438,83.97963060750662,25.576990599475216
439,85.22551807797771,25.585679224022496
440,85.24722829925774,25.588041230818106
441,87.55313653987126,25.54926693585096
442,87.25709503331952,25.227389484302016
443,84.36554447912303,26.22463334464982
444,85.13138053056103,25.623316256403648
445,87.56698097762471,25.52463555433514
446,85.26943354771045,25.576070032353783
447,85.41095223757382,26.129518338238505
448,84.98843834904451,25.21548398951399
449,84.18653005206482,24.906723917204438
450,85.17435703688268,25.615314655662214
451,85.20054462278134,25.613416611401092
452,85.07331248859045,25.5812258210685
453,87.49644599873352,25.792582585851342
454,85.06717694914028,25.55431303437835
455,87.51276945777391,25.797883544364666
456,87.48846884732998,25.778171567259825
457,86.4891655235636,25.35836977286013
458,84.98322141601574,24.781980264621286
459,86.13127246577014,25.438809526202505
460,87.24932328034004,25.262585702663642
461,85.03594373468547,25.628311976505547
462,85.14868749704236,25.557092927401875
463,87.5739587727413,25.555371303466792
464,85.15940310444978,25.619051527068383
465,86.02353169013271,25.44923417879713
466,87.56790310750007,25.55144051888743
467,87.57855982546816,25.524484816636466
468,85.03821261184528,25.619475720978645
469,87.24522702054442,25.250614325395166
470,85.07008310020679,25.60272550222694
471,85.19003993968498,25.558749613608562
472,85.13164498998854,25.61037730401774
473,85.09155640003416,25.599042108062758
474,87.25770186270668,25.236812589650736
475,83.99815476128751,24.955818617210657
476,84.35692688155336,26.216177238436643
477,85.06109615696994,25.553538129115356
478,86.14713590883721,25.424592500485247
479,85.78037984949935,25.863077747610586
480,85.04248297981582,25.579525220843838
481,85.13843276942508,25.603448559768786
482,87.47781888468202,25.771374006439377
483,85.22033702689829,25.712538475517555
484,86.09627649980618,25.445950123357857
485,86.07400839480584,25.4410014016579
486,85.88550257335808,26.15024092956715
487,84.97897223056314,24.71965978285214
488,85.10641052490682,25.61454820586632
489,87.47181735498269,25.794840658266693
490,85.40584158288922,26.146128976946763
491,86.47685182358141,25.322103989340345
492,85.79831398234231,25.871130253013643
493,84.34907641286165,26.226186538010854
494,84.99967500292067,24.798554311001546
495,84.99684634374415,24.75929004009657
496,84.17390402791187,24.925757315505688
497,84.00591574106359,24.95791597605292
498,86.07706816209155,25.457079745823904
499,86.47668910338695,25.330060173472745
500,85.18668786113905,25.579498214407234
501,85.067291883684,25.646132483767524
502,85.21683123378625,25.679781127312758
503,85.14014720455263,25.568440006568448
504,85.21923413668165,25.68775478907473
505,85.00933415891782,24.798352591548245
506,85.16760488631368,25.627391386152414
507,85.50072030646314,25.16361705953088
508,86.13079904930876,25.434862517866296
509,85.06281531682187,25.64290074343041
510,86.0683421133403,25.412171658417666
511,86.48196172431368,25.30321167608772
512,86.09832181618629,25.173959650689785
513,85.05960689176732,25.587356172649287
514,85.51189669163041,25.201289417843235
515,85.51776936335219,25.2177435836381
516,85.19924393544348,25.672931132117654
517,84.35205885498316,26.21702528016977
518,86.48821343271658,25.3245215400653
519,83.97553765850604,25.56976040564313
520,85.39654925182805,26.156332983746417
521,84.8569817045487,25.571589199961135
522,85.13986461183694,25.592487172357345
523,85.44332932671341,25.02105620199642
524,86.08924169716246,25.402285087956557
525,85.06487852505971,25.554796226529668
526,87.47105897103171,25.76445330290337
527,85.17740074550983,25.599197326481587
528,85.0318990754715,25.61117675760826
529,85.15910475261376,25.572233666284323
530,87.2293881792044,25.22376039779956
531,84.99106882215958,24.68072112814824
532,86.50155261746745,25.369931603531004
533,85.08199785448646,25.58027549689259
534,84.97657101629302,24.80721600385227
535,85.15477918908663,25.606640263873576
536,85.1629938399638,25.560069255668992
537,85.13977696043519,25.65144362274487
538,85.53709520900225,25.201631030075326
539,86.49285551499626,25.335843344109996
540,85.38869033616719,26.160415718315807
541,85.12060031055042,25.573251520609137
542,85.7821722074229,25.852173060345127
543,87.25105941097907,25.219152932888786
544,86.48160195262558,25.299626107057716
545,85.19852513512875,25.562631546559032
546,85.01424417946372,25.579316513502395
547,86.46559938627477,25.40176388128889
548,85.89580117441093,26.177723010423176
549,85.39998078612768,26.160592194826283
550,87.26747456078282,25.22856711769727
551,86.0672713199578,25.451694405473535
552,85.89539029412431,26.176251694547314
553,86.02706419260463,25.461156827952276
554,85.38656896719728,26.148987591573874
555,84.99159220403143,25.222501954830047
556,84.87187015474309,25.564244257244233
557,85.5185466741627,25.212437542284892
558,85.35756008684457,26.119258075930826
559,87.56662710647062,25.54465842599167
560,85.11112428550153,25.623944867972636
561,84.35014707742614,26.21284508213574
562,84.21530308132778,24.89786159426228
563,85.21884117866716,25.597366959768806
564,85.121577001639,25.55182202916536
565,84.34964993294358,26.22462349684328
566,85.08830928655057,25.589449791499973
567,87.56432281735817,25.53246376741501
568,84.38605693802738,24.740636323895544
569,87.23727804980501,25.233247215566106
570,87.56513078321315,25.527087702990375
571,85.10428903904052,25.58249991693397
572,86.49520965178797,25.341530978304515
573,85.16304496452342,25.592185669424516
574,86.48081152712575,25.371522488725343
575,86.14126477030956,25.40138401537503
576,85.06955829296294,25.609554723516244
577,85.4215242252799,25.025932432458276
578,85.42693969302199,26.103917129905035
579,85.18424739179363,25.61518985346578
580,86.08954861744185,25.40641976422427
581,85.5161770424923,25.21033380258495
582,85.07440936653978,25.655837907395185
583,87.25164170111756,25.22739929150266
584,85.2321552585449,25.592660097866005
585,87.23654366409224,25.222181754573292
586,85.44429278693966,25.0224319206199
587,87.47693425711432,25.79399600495324
588,85.12533583941713,25.586325127532767
589,87.24997120086977,25.218842547626153
590,85.78763682651196,25.87408138880226
591,87.49011254929196,25.78628413190405
592,85.53154053732035,25.21659852333939
593,85.14336528393217,25.60927819158621
594,87.56557246821907,25.552596771060585
595,87.2677851497712,25.26497334452256
596,85.16940289104303,25.58775092734659
597,86.14447671537835,25.43673512979143
598,85.08467655199836,25.5580059733747
599,85.50406772687799,25.178577770138343
600,85.08739578941568,25.547514630429877
601,85.78877204239326,25.851681547322723
602,85.51566570209286,25.22614685922554
603,86.05139950441679,25.455142593191322
604,86.50871308122622,25.34204895197069
605,85.10172909606511,25.643253386214127
606,85.4513279053191,25.03241589285004
607,86.09580409596516,25.440147428954283
608,85.3839829619693,26.133003176048284
609,85.54407793817268,24.888523662568144
610,85.10414716048639,25.651326479667375
611,85.51000557262309,25.217644085149736
612,85.51123377635591,25.196159996186474
613,86.1217291613679,25.409955466179653
614,84.2191609975398,24.884870149709343
615,87.24594990806682,25.217905256203515
616,85.51679439961029,25.2244825956591
617,87.56228023336617,25.54873518145043
618,85.52338335586218,25.176132489403113
619,85.22890372200543,25.67117661728224
620,86.0746616124753,25.413241505142626
621,85.96820502932717,25.38053247230301
622,85.18043381767134,25.58713247145171
623,86.49083555102986,25.33734770806936
624,85.1283286555924,25.634383545192456
625,87.25058094671907,25.26153143062875
626,85.06814105653137,25.58541808674878
627,85.2476602878595,25.58589980273877
628,87.2667390097303,25.279728556048855
629,85.40712253546137,26.136424489674873
630,87.2351704705152,25.251323078650216
631,85.42723520168273,26.09001524697469
632,85.18190389442607,25.555580673137214
633,87.5776509036725,25.543118812090523
634,87.57374055749395,25.538471965148926
635,85.52421946322985,25.208256292643156
636,86.44826876894969,25.38950750481452
637,87.5804234666705,25.53519599397312
638,86.09363025502857,25.42550796092287
639,87.2671554286071,25.23004711292171
640,85.50533142495294,25.21905102139319
641,87.27056074603763,25.243549422313386
642,85.15062869872543,25.607232138051753
643,86.04651999997763,25.423337837522183
644,85.53851373386381,24.884361410711403
645,86.47333857326039,25.3713691580958
646,85.37063540347629,26.101201059090027
647,87.56679017703676,25.553415608484237
648,84.01676862453714,24.94732457839812
649,85.12415147646973,25.659917011334407
650,86.14392267275132,25.39964825822452
651,87.5796979318801,25.533432947032537
652,85.2315631010739,25.71917268504059
653,85.1445022072051,25.603542101444788
654,85.90729594030235,26.174765000309783
655,86.04268474138955,25.40614127307131
656,85.45058243486211,25.027498478381315
657,85.90669030867649,26.173491200826234
658,86.48329804129513,25.322329230001003
659,85.06136899852338,25.60789082387166
660,86.08456807921627,25.44003800140557
661,87.57332380228983,25.51976483986142
662,85.519162853602,25.207400722398088
663,86.4664767506306,25.35109401981911
664,85.03297182202714,25.611681040810478
665,84.2193209074397,24.879936773754807
666,86.1230637245116,25.428633832543763
667,85.1503456931631,25.589206509809163
668,84.97031408107507,24.6806584961913
669,87.57784844391705,25.53894447199224
670,86.14004819803272,25.409096038852436
671,87.56529336501896,25.53776289403237
672,86.14060968251113,25.419586457933274
673,85.38782687444716,26.161454363073215
674,85.05865150540991,25.59953136259889
675,85.05907555867586,25.658712350080453
676,85.22415118688836,25.675620400251077
677,84.15755840067628,24.917910332624235
678,87.55927480316355,25.5545349228402
679,86.4999364689219,25.355652352284224
680,85.09598425848687,25.606436251866796
681,84.98629989406231,24.721869185765517
682,86.10794142288336,25.42747638653119
683,84.02010922260902,24.945929547665585
684,85.13653353626844,25.651159514141366
685,87.48296319550506,25.769013221418156
686,85.16247995408722,25.609141283886213
687,87.01180684349737,25.249135908274592
688,85.09159824596058,25.62099580857554
689,85.20481357453576,25.68994521908589
690,86.1095301421416,25.45296590853809
691,85.16610390844629,25.61269040317903
692,85.38129221009702,26.15960442348171
693,87.47511679505301,25.794806704112396
694,85.1824205659725,25.587071467692617
695,85.07311482233573,25.601007225217565
696,85.18173343209267,25.59215863445016
697,85.08087287571486,25.58168902091985
698,85.36692121241332,26.150848852699212
699,87.57693066442049,25.546345284361397
700,86.02187890599483,25.440340947830006
701,85.18587427984389,25.564061206167082
702,86.48685700839302,25.29777388253948
703,86.10042155013016,25.443931092310248
704,85.15459281588961,25.61402162246976
705,85.88333052140017,26.15897848153895
706,85.06367468144904,25.63829703695567
707,85.1531837300568,25.567347534966554
708,86.09091768020417,25.17123369515587
709,85.89058630045594,26.125455081064175
710,85.09092613757211,25.636053056549514
711,86.47473353113057,25.335135413283354
712,86.51044502882237,25.34067732616388
713,85.18036220123408,25.649185385463465
714,83.97937073672654,25.580020864920098
715,87.45637454837487,25.7687371393153
716,87.49786786569378,25.79120733173949
717,85.16783530336897,25.562735866648502
718,85.8863908819233,26.155805096667617
719,84.18483081010964,24.93056343056144
720,85.1894411618237,25.562615905562453
721,84.00650942195067,24.958834684176395
722,87.01098683336394,25.25194507990617
723,84.95822115166632,24.711100055086106
724,85.1026816026214,25.556651039418902
725,85.18371087463868,25.546212422768097
726,85.7648845972145,25.861556780458372
727,86.46784186298883,25.36198369592931
728,85.9066695056677,26.13717852187788
729,87.23145543193269,25.223460054189022
730,87.48915556441682,25.7760150811122
731,85.1093718338903,25.58611393814448
732,85.18554332191287,25.60068005977695
733,86.10653314027901,25.39789115949696
734,85.89904750925126,26.141132358478284
735,84.87143073928478,25.573796142326415
736,84.35122051834517,26.219350601968646
737,87.26259112506267,25.231200190825714
738,84.17319499307342,24.926498006016942
739,87.23871380004843,25.21761549289258
740,86.05208931828362,25.452687163959684
741,85.40694290545196,26.15407857934624
742,85.06099327897005,25.569962003579104
743,85.13096143980759,25.631299854994527
744,84.97251220152663,24.803267380681632
745,87.47128579861528,25.7686375280487
746,85.27635699588984,25.577487083435937
747,85.04069303953496,25.58693391812442
748,86.13153709896194,25.407032739219016
749,86.14047687757402,25.40694902878765
750,85.50651585534254,25.19354112626918
751,87.48791182486892,25.750574801444326
752,85.80406470521612,25.86063912167962
753,85.10858063655017,25.609622245738283
754,85.00256427103024,25.212664421949786
755,85.08667890882673,25.625396924430333
756,87.5592620419323,25.537499596732825
757,85.08872330412487,25.62735981257487
758,85.15227801294465,25.586798155056215
759,87.23616408843992,25.25118999590865
760,85.0508381023189,25.63461417839044
761,85.12310273792411,25.62451651615878
762,87.56957566145243,25.558306920773
763,85.78276461402012,25.85175376891475
764,84.96111311283042,24.77922560160475
765,85.92616050665903,26.175037822613678
766,87.48575189400373,25.78173459444269
767,85.05066244799822,25.640959341692252
768,85.12548715716234,25.61292743825719
769,87.49086513477475,25.77308163023416
770,85.2010317652562,25.641386230393156
771,87.56954186391413,25.53967584246449
772,85.41304990982549,26.12806915216937
773,85.09223216821067,25.58796996880391
774,85.15125547642555,25.561434089239516
775,87.27468609901264,25.225797273929466
776,85.09300617985292,25.630076292974955
777,85.39212993577718,26.154391708516812
778,85.42052339987949,26.126935119534465
779,84.97736321944278,24.72860279947852
780,85.03674857548384,25.63017060132916
781,85.36804109997438,26.166135424410886
782,86.12144108166935,25.421484565174733
783,85.07474257468532,25.6138005130178
784,85.02920300022093,25.655589672566347
785,85.3710718715053,26.168642207790136
786,87.23400531686639,25.222923756782144
787,87.24321298194522,25.215554646764865
788,87.49645783162232,25.794467392499048
789,87.25556445272483,25.240644807059866
790,84.97985017394276,25.21546019687952
791,84.0236309155064,24.950321595317565
792,85.18200461685547,25.638150201108385
793,86.01975615975259,25.42378134702194
794,84.37786994556811,24.762994602810718
795,85.91962897301958,26.14925935004203
796,85.50900066191736,25.179303687742845
797,85.99506035632804,25.444743415338458
798,85.00554132694329,24.76978441936965
799,85.09736058844432,25.586738906540464
800,85.3763220861867,26.15589605607693
801,85.05879421298727,25.638288107252276
802,86.14439162484761,25.428115684775875
803,85.22315385509829,25.59285750880247
804,86.50944506861859,25.317747232397384
805,86.97476467561195,25.25624492902087
806,85.21706418442879,25.599559650980332
807,87.26357789845363,25.243094330100835
808,85.23938280918668,25.59512600135241
809,84.98259683541986,24.713593966735974
810,87.5673475064044,25.547392509213072
811,84.36276242526273,26.227084066909125
812,84.9633088884219,24.70180106024703
813,86.47759898365365,25.318908734511204
814,86.48231403629761,25.378427286327067
815,85.52301547914865,25.18954995676826
816,85.52255549090712,25.19757173141883
817,87.47789265823424,25.762849278490556
818,85.09025415522605,25.661901109487538
819,85.04463727359101,25.553913198440448
820,86.46881920607771,25.366162544499375
821,86.97165862789295,25.220968961071744
822,86.48988063475815,25.35553543612264
823,86.0474382494133,25.419130836685735
824,85.13848826702461,25.561700802442793
825,85.05750551203148,25.621654446531217
826,86.07031917566768,25.444285091659193
827,87.49275559168392,25.77744270678564
828,87.48499529893832,25.76643591189742
829,87.49602187181257,25.794505284200113
830,84.21229216700806,24.880195001293316
831,86.05382607472455,25.436990365860122
832,86.08808226372938,25.40817108661354
833,83.9648888526215,25.570516644727086
834,84.85427156521554,25.576181594276328
835,84.96537907656858,24.719081462462793
836,84.36289349213286,26.22514023498959
837,85.06062699557839,25.569580494835062
838,86.07575440444134,25.403918645377125
839,85.76610537490859,25.862621082872785
840,85.76763839084273,25.86943194014667
841,85.19921390948956,25.671843971554136
842,85.19646400560008,25.591103690559326
843,85.4452827405484,25.02969541061748
844,86.10612807293607,25.440428892964885
845,85.03688067479477,25.60637958080192
846,87.2483630715739,25.22156905469209
847,85.17209453907167,25.643913965311935
848,86.02140489119066,25.412456923976936
849,86.46937365212334,25.405903378279056
850,85.40299756689929,26.15735704833066
851,85.17764572220753,25.638951225208057
852,86.09472960139942,25.45840425054014
853,85.16414443607424,25.695564147303788
854,85.88784086877425,26.144656905624416
855,86.49650006643245,25.2950066805588
856,83.9872555805386,25.565161579467826
857,86.48504330627355,25.3002670429671
858,86.00534373169765,25.458734557310258
859,85.79273884826003,25.869690826827043
860,84.38697960567247,24.754885708814314
861,85.16937776720638,25.626463014449673
862,87.28234380044512,25.266560032901953
863,86.12480243935329,25.408657208157344
864,86.47648519032875,25.377065285718437
865,85.08713670767827,25.64471068338867
866,85.15127759339816,25.611061942212597
867,85.1682525075389,25.568334137691178
868,85.37473801253378,26.150169333203785
869,85.01392210617685,25.64467481089796
870,86.4650966975444,25.403903698618063
871,85.01691760661986,25.59025960981144
872,85.12406459080623,25.64001369195847
873,83.96688385686511,25.565585331734823
874,85.0479268799951,25.615413901450076
875,85.19974907517724,25.61080261990381
876,87.24122452333113,25.22457687901174
877,85.19257810957052,25.58713754769571
878,85.42364845682424,26.124214378088386
879,85.36882504863891,26.102229515193216
880,84.35841511589987,26.213828147736187
881,86.0931864433669,25.18154491749126
882,85.1659734245255,25.561482688317152
883,84.21354407113363,24.89194746662279
884,85.52657056284275,25.211076100762053
885,85.06614256221371,25.647146732263526
886,87.24761692181563,25.218481509153484
887,85.05901985526828,25.6361590017784
888,84.00788074305325,24.959430896121866
889,85.03086501524075,25.622762245035506
890,85.08884749277388,25.635154727015145
891,84.36245589929227,26.23046810057437
892,87.48789218643812,25.75556676763735
893,86.13079808600334,25.40659489077161
894,85.21771857198164,25.61999754291637
895,85.0735062748614,25.62348645056934
896,86.47298783512817,25.3400383775591
897,85.06712991132784,25.55450849225921
898,87.47206019143535,25.77024796400585
899,86.95459816663407,25.233711481259824
900,85.1921508329075,25.609728572059254
901,87.24170004124218,25.215682696801263
902,85.0974428149621,25.58804176185975
903,87.48428008803656,25.768723190553658
904,84.36750500555398,26.233379987917154
905,86.1031230887091,25.427931582555168
906,85.13360577812043,25.620212126513696
907,86.043109918233,25.41096615596475
908,86.48509351236426,25.299009827531577
909,85.09316657448046,25.61799850537815
910,85.06896691580313,25.60032929173111
911,86.07267493729123,25.404220584388145
912,84.38681200206578,24.765649308980123
913,87.2455065744932,25.21879743648954
914,84.86285691927087,25.573422349505343
915,85.21214828872581,25.691832069456552
916,85.19371037078369,25.705258024373332
917,87.24917152252661,25.22220536662573
918,84.37687687510706,24.757755983702413
919,86.45918178594957,25.368866479670437
920,85.2110117256941,25.68682078297927
921,85.23193329079925,25.702043011801553
922,85.09572821005976,25.616147008890007
923,85.54435314589131,24.89112592327317
924,85.14476409007392,25.560542943013814
925,86.12954453765268,25.41254695422477
926,85.52582300710598,25.1997961770092
927,85.05828281812495,25.614530896798225
928,85.23768317708705,25.58677902766657
929,85.14649822431939,25.638044079067168
930,85.37557900510376,26.169921645923402
931,87.2305232477304,25.24123812563421
932,85.14820491955142,25.64897697344718
933,84.99575440112552,25.226819511835846
934,85.77784450647655,25.88421596646446
935,85.95651768624798,25.385001782707015
936,85.51088051591192,25.228918696674096
937,85.09184471646677,25.608793044850096
938,85.16055276266637,25.618553860655705
939,85.07075860476286,25.64862418807253
940,85.22153686432297,25.71479999753976
941,85.42014235812096,26.135315808765323
942,85.17427247098415,25.56940614962819
943,84.18935252935401,24.928854772568588
944,84.35629220377565,26.225700716266307
945,87.24862592904925,25.22628159669742
946,84.01256005935863,24.946245428320033
947,85.156584959508,25.558048424945408
948,85.98933912931072,25.4677546026342
949,87.51549211884837,25.793021459330433
950,86.00970665910937,25.44262971265713
951,87.23171289400753,25.231760804348568
952,84.21741135275484,24.879715162120977
953,85.77054327418601,25.867674616620935
954,87.29280246661327,25.258166287073603
955,87.46771266671377,25.747861949482033
956,85.7986666285551,25.85849954906012
957,85.0595856459301,25.574944949245886
958,85.11417704877638,25.626810529921084
959,86.48628303199312,25.40344878914909
960,84.2127323386949,24.89975140043404
961,85.0659154364478,25.578562585943523
962,85.10239988045493,25.555308604317872
963,85.25994465895609,25.568090055152442
964,85.16234820446982,25.58950188295205
965,85.03424308643869,25.580571320272746
966,84.38186810376692,24.737769374288966
967,85.19408532261707,25.604989172440423
968,85.13444149759015,25.563258170384003
969,85.12792618743866,25.64501940808913
970,86.47365959236002,25.346463009779985
971,86.47568591462453,25.34464048462906
972,84.94829164634305,24.763667166551926
973,84.95483964694833,24.70656097410852
974,83.98181747351438,25.573432521602438
975,84.00993027129267,24.960931776519896
976,85.07249609291958,25.611983771451406
977,87.56496709946254,25.565863851415635
978,86.00805258519976,25.42275620695128
979,85.78961708710683,25.866890557902266
980,84.1687285929624,24.897206731696066
981,85.10711276898108,25.650701313742456
982,85.25052253677855,25.582956052301668
983,85.04981536482119,25.582744922470006
984,85.10055176008261,25.557101119724507
985,85.14645758072825,25.578770012662147
986,85.07046967735667,25.561133543266397
987,84.99056248291164,24.821856762557832
988,84.1652452023393,24.898577950969774
989,85.1676899854427,25.627354487463833
990,85.44263102426333,25.01840846500339
991,86.48032029388834,25.32087776174719
992,85.14394728151117,25.575473049920646
993,87.26591060890672,25.226251687382636
994,85.04521360618371,25.554445936391954
995,85.53289995404252,25.19115790633321
996,85.26008020050611,25.581486467051203
997,86.01335448170273,25.434205756322182
998,85.1277644275956,25.55013154367976
999,85.37070401598139,26.170625642204477
1000,85.88699476509584,26.137920333890573
1001,86.48700624242997,25.345478860841578
1002,85.42227869311616,26.1018836347318
1003,86.10468033161627,25.433048017408833
1004,85.1490434752339,25.61023931524462
1005,85.37264049541906,26.138390678866266
1006,86.06522348227631,25.45082682887411
1007,85.42469876963459,25.01319571888544
1008,87.26523219897703,25.279684435976442
1009,86.48839704442095,25.397141264745525
1010,86.0946515380949,25.445305344536244
1011,84.36139770569777,26.227337310331617
1012,85.2590018653497,25.57420313211662
1013,87.47284951247133,25.783808746146015
1014,85.88629775909541,26.11645270232647
1015,84.3565303080336,26.215134202533374
1016,85.09251631280402,25.64488545200398
1017,84.96338662208046,24.807040770843535
1018,85.13131129364561,25.55173421879049
1019,85.1832842057651,25.555277160786183
1020,85.425430845719,25.015134062187645
1021,86.49214810775386,25.360126027203975
1022,84.38193491989747,24.769061003214112
1023,85.3818220650039,26.10652938273008
1024,84.99084759283284,25.208220185584693
1025,85.4036834743876,26.132469000725195
1026,85.04826081004924,25.554515446908773
1027,85.51978571774481,25.19810504726608
1028,85.51809209412492,25.21802829309788
1029,86.48722610842006,25.299709985349274
1030,85.14516805618226,25.610487171249602
1031,86.07453452267312,25.45535079552095
1032,85.79594006593852,25.842356260550012
1033,85.078872297809,25.612281967283568
1034,85.98841466991456,25.448082451158275
1035,85.07459682406527,25.616410866568277
1036,85.13419515198358,25.55857922936714
1037,85.04219229532741,25.551686711431348
1038,85.05220488008257,25.616358028104344
1039,87.24201907615122,25.21497046375606
1040,85.06127818959133,25.568602239525323
1041,85.14110983056304,25.586118429486053
1042,85.39535716537759,26.09659484628708
1043,85.79183728730035,25.86099757608605
1044,85.03832113024178,25.625110999506543
1045,85.06410759877394,25.645313410525898
1046,85.89529419060526,26.11044492186225
1047,87.48722689050742,25.76504102961597
1048,84.35492776075651,26.223942111975568
1049,84.8704560242195,25.56835050147452
1050,85.77774138914114,25.84895018501131
1051,85.04584388317926,25.56811434259116
1052,86.49106563259299,25.34246562608457
1053,85.14784319500698,25.567302544117805
1054,84.3477210348655,26.219085910906532
1055,85.03917978406349,25.622875087531778
1056,85.5132920895265,25.167308817698242
1057,86.09852550324301,25.176411696354666
1058,85.20946012935752,25.67938078345239
1059,85.4244313615321,25.025980229790463
1060,85.22403726878223,25.710713631787627
1061,85.10135382212788,25.669802041659445
1062,85.50341633634095,25.18332980278212
1063,85.11324526989584,25.623727965817668
1064,87.50062732961013,25.798255987705954
1065,86.07154681658666,25.46350004290043
1066,85.538984953155,24.89163733723498
1067,85.182402124477,25.582451618067925
1068,86.95581554877967,25.222173548787506
1069,85.07204954667573,25.616553693766026
1070,85.0918307711935,25.627645752589
1071,87.25735683312976,25.24132694998944
1072,84.99536000081531,25.21970230389407
1073,87.5166585501532,25.771775373187264
1074,84.21571741603952,24.883371237056593
1075,84.36905410291337,24.76537546141286
1076,85.07024539554423,25.615372312520904
1077,85.05668614444967,25.613594576018485
1078,86.05899134935326,25.402121133240303
1079,85.25710828558326,25.578331340962915
1080,85.41140775099865,26.1119931756414
1081,87.48526415821472,25.759976931769828
1082,85.77175348546302,25.87190737930844
1083,84.17353279786435,24.898260465988574
1084,86.09837389434328,25.422065508513565
1085,85.54421425755764,24.89586348182346
1086,86.47867030057856,25.346932900611318
1087,85.54449233902297,24.887138038399794
1088,84.97843817338119,24.715904376676605
1089,85.39788156455573,26.15545025894316
1090,87.22330648321308,25.23887896100446
1091,85.52627061704626,25.208644235637678
1092,86.47683503999976,25.33049433755836
1093,85.06495257481279,25.580772199505237
1094,86.08254576202883,25.398162285798644
1095,86.49369455666687,25.335225036441642
1096,85.9933778996644,25.477517460587947
1097,85.2255219550409,25.686541162320896
1098,85.12765760374963,25.643011465479454
1099,87.55972483517418,25.540557845209197
1100,85.10035457421552,25.628946895058384
1101,85.95199439576712,25.381386246612337
1102,86.46802604417866,25.407762092263248
1103,85.05977041106648,25.584451696895293
1104,84.97170819149301,24.690569828123405
1105,85.79234262613612,25.860548049049736
1106,86.48300033090817,25.350815110399555
1107,87.5704263263788,25.532270077425974
1108,85.13541003620448,25.58387978376702
1109,86.1307094478998,25.418806084514298
1110,85.2045513855691,25.705930020648122
1111,85.03668737704533,25.637601374391775
1112,85.53479511249978,25.196248910508608
1113,85.1085649604421,25.61277627853329
1114,84.9677378941332,24.747565816296735
1115,85.00528023101387,24.803777884565978
1116,85.91484938905066,26.13779766411735
1117,85.22685302421385,25.590110319659303
1118,85.2359116232516,25.69905033470691
1119,85.52596588382777,25.19930497319419
1120,87.46279039319231,25.774528230346956
1121,85.06008407994847,25.608362827652215
1122,85.53172094023273,25.19782617725624
1123,87.2406758409359,25.232369686407377
1124,85.06100662428545,25.551205965364375
1125,85.09195428557487,25.617357129609477
1126,84.98029574192603,24.680881932091932
1127,85.14699331281327,25.610753444401762
1128,85.4460940354176,25.02745438306989
1129,87.23825566888279,25.223935357873106
1130,85.181162258134,25.546479184023323
1131,85.14648632032174,25.566399855207983
1132,86.075586863443,25.428097054108065
1133,84.36761221261735,26.217914568609984
1134,84.38532914875546,24.749474666138205
1135,85.24007380026795,25.59102120979565
1136,85.27572209136146,25.547631703081898
1137,84.97237523196779,24.812071029585095
1138,84.01261554985416,24.944225979327754
1139,84.01287210019841,24.94352746310461
1140,87.23471507311793,25.25552118238534
1141,85.26607126602539,25.57431263639697
1142,86.475455508974,25.343629117947287
1143,85.06161776191644,25.551830119434744
1144,87.29367194026104,25.2590078992744
1145,84.97365430493711,24.704043526005673
1146,84.87116167670148,25.568986566691525
1147,87.57248827270216,25.54155950339445
1148,85.01931841971398,25.608406647333567
1149,84.17257062848924,24.93576296393628
1150,84.37436657461136,24.764570301825533
1151,87.26198121352458,25.232870891766073
1152,85.0053126630196,24.807120253568232
1153,85.42313999126819,25.02407329828183
1154,86.46522052569814,25.40532061766862
1155,85.0385567509775,25.62413945033886
1156,84.35685602149405,26.23079500553874
1157,85.91202500069777,26.142263036160266
1158,85.09728021492889,25.585748044038816
1159,85.03386841175114,25.655016992939803
1160,87.2647229685161,25.28100654115652
1161,85.44263155508222,25.020157516685188
1162,85.08523512845468,25.650585449373235
1163,86.03779605486865,25.41649823011177
1164,85.02680854324826,25.657614649838983
1165,85.21555790614282,25.705291590923714
1166,84.02242868078898,24.95013318839913
1167,87.48136577606567,25.787140908977126
1168,87.55160905441343,25.551638674608643
1169,87.25019696012721,25.226933937872072
1170,84.1737056625031,24.90426108330205
1171,85.51344359919578,25.184844688435206
1172,84.36222713639023,26.215186482248857
1173,85.92797660206924,26.135920292631788
1174,85.92613453128259,26.125174746239882
1175,85.06272442361286,25.655103171502393
1176,85.1564572255906,25.616055540387805
1177,87.23652283549633,25.229155692040607
1178,85.01912201343653,24.81653699015734
1179,87.229992281347,25.224910097514083
1180,85.77650194905785,25.85539437869652
1181,85.05196737433631,25.577831783174403
1182,85.52138366569314,25.191707773154103
1183,85.13112774407375,25.588618753460942
1184,87.26751998564632,25.265820262874676
1185,85.7859246397233,25.854365906826914
1186,87.57651716683958,25.56024805996483
1187,85.2052677601505,25.702091550063933
1188,85.16265408913291,25.68897239951532
1189,86.47356754232621,25.359215986999654
1190,85.13569571412108,25.56681431666964
1191,87.0155199451735,25.252904128186184
1192,85.38207552352871,26.164865807791017
1193,84.22385745552997,24.889650681659486
1194,85.0336897150776,25.581405897111857
1195,85.09096692109448,25.626831778325627
1196,86.4585508670374,25.36275638932553
1197,85.00356704291767,25.21729642667675
1198,85.19681839538103,25.612554211880134
1199,86.48110700730567,25.39948861995775
1200,87.2701686547744,25.23044747610027
1201,84.20123824770923,24.893327354093152
1202,87.5626388767216,25.543180944792155
1203,85.07646102609456,25.571267739684192
1204,85.00298689718933,24.82664459213509
1205,85.0915238826514,25.576367819858746
1206,85.06781545778074,25.605503743116344
1207,87.27411636420949,25.227305533223465
1208,85.11049673937617,25.589001064342106
1209,87.26733292016189,25.230773744945406
1210,85.18232889047924,25.616074309351824
1211,86.48094002699199,25.324839819010872
1212,85.06325635110228,25.614810079008077
1213,86.46708546356523,25.371704379351975
1214,85.15509034208434,25.61848290636769
1215,87.57789909985505,25.533992249998402
1216,85.38791962350291,26.164615025624332
1217,85.45116122383247,25.030639490865532
1218,85.04600709187025,25.623605113215337
1219,84.36252065146412,26.212622683480593
1220,86.01948083545714,25.418009415116185
1221,84.99502468806124,25.22075172535863
1222,84.01264699451634,24.9460462058439
1223,85.09202419408187,25.5469270292121
1224,85.12073849709644,25.573465744747267
1225,86.47863585708527,25.331913386211927
1226,85.10461681145442,25.61751145418909
1227,84.36973679060571,26.231193959298434
1228,85.95346000643609,25.379241879932767
1229,87.26553118085474,25.268710797221846
1230,84.97864910768146,24.723996150368382
1231,86.05902753410929,25.460075372156638
1232,85.07204575842265,25.58609893796299
1233,85.39822363772137,26.131766257357757
1234,85.41604965432899,26.130292015426516
1235,85.52623103329024,25.201968204616254
1236,85.11812915978825,25.575705468710524
1237,85.0308799421673,25.62295270292077
1238,85.16261259943111,25.600442476355337
1239,85.88993193077008,26.126660076181206
1240,84.36562319893189,26.222195808356453
1241,86.46493460100992,25.40148006448298
1242,87.2294353055381,25.2295035667286
1243,85.24533940368755,25.573815163344648
1244,84.38068698193625,24.753158624472718
1245,85.05990671545281,25.591704914550476
1246,84.19542304951008,24.9248312476142
1247,85.11883918804305,25.573704525687532
1248,85.20232098081578,25.643515912108857
1249,84.21706156886567,24.897300943980625
1250,85.18618011067502,25.607506361537435
1251,87.45759594406518,25.78703493956072
1252,86.1165568551441,25.436832738919716
1253,85.13030649679294,25.563332435848768
1254,85.0939626117763,25.632809670156103
1255,87.48992413021054,25.775409387020154
1256,85.22129450419014,25.59953081146458
1257,84.1803248763041,24.926658255676887
1258,85.39376403925716,26.139770811308942
1259,85.80422486189845,25.860335151807153
1260,84.87540462865988,25.574456554832413
1261,86.46472585322985,25.357499653693505
1262,85.21507044763345,25.602277842182
1263,85.2284428264709,25.67115766398768
1264,85.37656817695053,26.10640223848006
1265,87.26913743135997,25.22486789198984
1266,85.9797881132469,25.455333028570912
1267,85.1273038947529,25.6307332597271
1268,86.96369636310351,25.25073478422349
1269,86.11049781120096,25.440838154833177
1270,85.5136487582961,25.226405295121985
1271,86.45024543624424,25.393844882141092
1272,84.21630157211287,24.876747299191003
1273,86.10134880493489,25.173824414846088
1274,85.18055987522969,25.619916811908674
1275,85.09413813592334,25.562209701346234
1276,86.93884512617606,25.249976101558108
1277,86.46625873134488,25.331271454820847
1278,85.12050844044562,25.589339657510546
1279,85.79486852169975,25.85957766088932
1280,84.8692737131573,25.57232266141367
1281,85.0892440982569,25.627001807705703
1282,85.13814143014334,25.621513076403147
1283,87.24622368143127,25.218459960544525
1284,86.99228943075283,25.23775069058126
1285,85.39575080319736,26.138683336142204
1286,85.21677449619075,25.627626564275033
1287,84.35867760655877,24.7622033952104
1288,84.21653051667263,24.879329089379524
1289,85.39532358922946,26.12370178564746
1290,87.24184213222773,25.22644586785504
1291,86.0910011257128,25.44782449490941
1292,85.80456315931445,25.85434480507272
1293,87.492142254721,25.781801331266806
1294,87.24433492950175,25.22095927147184
1295,85.27056474851136,25.569145959876764
1296,86.0538585321814,25.404870652857685
1297,86.07044610307494,25.463974831953514
1298,85.21928594767267,25.60014375456998
1299,85.08149054524343,25.60855555564986
1300,85.21153538912536,25.600116937198337
1301,85.13766454427332,25.590823760839136
1302,85.5253683058492,25.197156002429892
1303,85.140733610494,25.640046630253227
1304,86.02425940979073,25.42885809432668
1305,85.05859273451117,25.608134883095378
1306,86.96628581007018,25.25479483539156
1307,84.35700468786438,26.22567092643695
1308,85.226254388979,25.71715224171484
1309,87.47284225640387,25.76504874741691
1310,85.51426198513404,25.215476772900374
1311,86.498709917465,25.321359487723267
1312,85.02874486844144,25.646355187463985
1313,86.4965711210098,25.296783430885863
1314,85.37451771665116,26.147453969671513
1315,85.79938488258536,25.85663869775933
1316,85.08986998518651,25.61817699994402
1317,87.24559648011116,25.232978911510724
1318,85.0970637542451,25.57761538216652
1319,86.15970950014687,25.42767944486459
1320,86.50340041709296,25.335369480659658
1321,85.0290291706226,25.57704940656141
1322,87.25336433609958,25.229542589121866
1323,84.37001166666201,24.746579464252388
1324,85.78254957206418,25.873844933801077
1325,84.1680187352825,24.907167435176174
1326,85.79449493347335,25.85046363062981
1327,85.17689453082457,25.68682609255546
1328,85.13749369677589,25.581780508669173
1329,87.2743996897709,25.22428521328889
1330,85.18512075761916,25.614363784069994
1331,85.02423583209158,25.57702842102665
1332,86.09387017024835,25.455293315524873
1333,87.2341761023338,25.231149278642473
1334,85.17336082831024,25.60619460674026
1335,85.22287210497991,25.69014367272757
1336,87.56723650018367,25.5347383013578
1337,87.51493941364522,25.79175483847289
1338,85.45103658277353,25.024386958916647
1339,85.395838199524,26.08106276020193
1340,85.35703328233501,26.161721373415375
1341,85.25275415872117,25.58966560374647
1342,85.20854777567344,25.611174592968002
1343,84.36124476263683,26.216636515452368
1344,86.02412034241036,25.409262852263996
1345,84.94625751199216,24.770279645665745
1346,85.05502851852333,25.58368711374444
1347,87.56562732784576,25.553467339130357
1348,85.77293648033508,25.860855808620467
1349,85.21245183802043,25.685579579266765
1350,85.1787847981664,25.604564912681088
1351,85.53758121730826,25.19690525710422
1352,85.14892064120124,25.56354533980297
1353,85.06375071570002,25.588263032193208
1354,85.27533942949333,25.547752331410877
1355,85.22696131296657,25.696897513349356
1356,85.14919170549622,25.612313214597982
1357,85.07447581385765,25.57348688314272
1358,85.23248855877407,25.563949258188718
1359,85.95165215988153,25.384413555329726
1360,85.9930492631907,25.44635615710684
1361,85.20364322096977,25.678109992101337
1362,85.13131453790324,25.642038446865126
1363,86.46424766919424,25.332085964295043
1364,84.35553722043548,26.225304286708763
1365,84.17142083775369,24.92247345310267
1366,87.24332175741024,25.219049460923234
1367,85.17756569432579,25.592092081872362
1368,85.07946868111253,25.627259852549066
1369,85.23155938147227,25.684553495282533
1370,85.99133591171778,25.46685592324468
1371,86.46741177913755,25.3322451061196
1372,85.09644129113885,25.607452451226518
1373,86.10095953565434,25.407785462454434
1374,84.98602691205859,24.797054108650464
1375,84.95782202742426,24.689027285820785
1376,85.17536655086819,25.64197104694749
1377,87.489224817239,25.803415172082026
1378,85.02321370733847,25.56632804729355
1379,84.98560220551532,25.21206194396993
1380,84.99615577200812,24.827087211449278
1381,84.96455491571032,24.781916415960122
1382,85.16306220533653,25.55360635853305
1383,84.18244960467973,24.902348442431837
1384,87.48827866329455,25.764566113340454
1385,84.18585714407337,24.909000310596323
1386,85.20869621946211,25.571969850283317
1387,84.94760331065423,24.77033316673957
1388,87.45490351731958,25.767081554131344
1389,84.99003381281027,25.227505074618556
1390,85.04567368279619,25.55034203252417
1391,87.01201983226453,25.2649053703602
1392,84.3835363621467,24.769443956566008
1393,85.05721757566126,25.63872339749165
1394,86.09377898103236,25.177128307087575
1395,86.47730880411153,25.362594342260792
1396,84.86530946953509,25.562941508665656
1397,84.16604709807864,24.90224619037282
1398,85.06392644726489,25.640481008283437
1399,86.04362582461471,25.425115708551523
1400,85.17705561725747,25.64183531228406
1401,86.05916703493745,25.444493748205154
1402,87.0001865663708,25.226619344231036
1403,86.01893163444876,25.461190612138786
1404,85.06255863160216,25.584658347886045
1405,86.94962454408832,25.232553352625878
1406,85.16953477647294,25.58611223549115
1407,85.13502712428439,25.652082448478204
1408,86.08873279567513,25.174450668132387
1409,85.40441391485476,26.125062425676365
1410,85.16510584552886,25.631353152839054
1411,86.49502556511761,25.333095393005674
1412,87.23296794621692,25.22586576154998
1413,86.48946352186272,25.307283587010566
1414,86.14738689328104,25.416123527953978
1415,85.39596171134907,26.131689097815325
1416,84.99526534251291,25.20452212947189
1417,84.3691298549416,24.74903829475761
1418,85.15038417250703,25.615417527607423
1419,85.16414227556271,25.57185006920981
1420,86.04085680524388,25.406061201854826
1421,84.35133367999207,26.21776537014176
1422,87.25062249520732,25.24353221755296
1423,85.51574004844694,25.19500940950251
1424,87.58297512595914,25.52768713963857
1425,85.17169740930541,25.61634693074056
1426,84.99056955455835,25.22708841651778
1427,85.13979774882952,25.65117008249406
1428,86.09409913847871,25.176038969721578
1429,85.3961475823051,26.132563321278607
1430,84.94674118778295,24.76566234618753
1431,85.4310364569287,25.020193963839954
1432,85.1185873869888,25.564225158412473
1433,85.10044798803642,25.58661406334003
1434,85.99171296065353,25.46714391107269
1435,85.1455561630629,25.60608526371862
1436,84.35944865525823,26.222949479969806
1437,85.88967657881098,26.122038823536275
1438,85.24426075439558,25.61867492498153
1439,84.86809598263972,25.570172071510452
1440,85.05565100361702,25.642267647497913
1441,85.11340002134826,25.643086439863954
1442,85.44424845399382,25.02066816520422
1443,87.2484938979162,25.227198887272227
1444,87.4927846347174,25.782758484903795
1445,85.02340023859298,25.59723191141099
1446,86.03579411572613,25.45114625897613
1447,87.5726563883896,25.542185285748992
1448,85.06497520553809,25.63849453233361
1449,85.14692355724198,25.56688836295134
1450,84.87279476798665,25.574670214545215
1451,84.20832756370815,24.889733302122703
1452,85.09559973966503,25.639762500245048
1453,86.07961443394802,25.422438622770105
1454,85.52469193532036,25.17704421261657
1455,85.08792873114514,25.552092950321388
1456,86.98311169213494,25.259709757019156
1457,86.08877272529001,25.455114970769646
1458,86.95738512446268,25.237119915956672
1459,85.09738750879114,25.645819666954797
1460,86.46496043955672,25.404157416552838
1461,85.10221974129374,25.626672928078623
1462,87.48082634234106,25.79502213749727
1463,87.46391528970253,25.793132055318328
1464,85.07163523147318,25.637316345105674
1465,85.04782313387032,25.62179546067264
1466,86.11918246808972,25.40471090678759
1467,85.3958676197155,26.124647297162205
1468,84.35852679007908,26.2207777167657
1469,86.97150057625588,25.22022488930362
1470,86.12109281768734,25.398014636443477
1471,84.87212172413093,25.562476877898657
1472,85.12865955816709,25.59215352992772
1473,86.46630091048053,25.408153419965288
1474,85.21037623045413,25.700716393844463
1475,87.24544511214889,25.25768548974458
1476,84.34798141400192,26.225507056078055
1477,85.1810908242974,25.636018358662934
1478,87.49940893027427,25.788615924886887
1479,87.4866890843008,25.75768461964742
1480,85.17495133881228,25.56846504039034
1481,85.09831337673444,25.640467588365695
1482,85.24702179788117,25.57066011785598
1483,85.19082049725442,25.60450939291554